{"cameraMode":{"drawMode":0,"name":"Shaded","section":"Shading Mode"},"sceneLighting":true,"audioPlay":false,"sceneViewState":{"m_AlwaysRefresh":false,"showFog":true,"showSkybox":true,"showFlares":true,"showImageEffects":true,"showParticleSystems":true,"showVisualEffectGraphs":true,"m_FxEnabled":false},"in2DMode":false,"pivot":{"x":47.287567138671878,"y":3.30747127532959,"z":-31.312192916870118},"rotation":{"x":0.20277251303195954,"y":0.03377247229218483,"z":-0.0069940234534442429,"w":0.9786263108253479},"size":10.910523414611817,"orthographic":false}