{"cameraMode":{"drawMode":0,"name":"Shaded","section":"Shading Mode"},"sceneLighting":true,"audioPlay":false,"sceneViewState":{"m_AlwaysRefresh":false,"showFog":true,"showSkybox":true,"showFlares":true,"showImageEffects":true,"showParticleSystems":true,"showVisualEffectGraphs":true,"m_FxEnabled":false},"in2DMode":false,"pivot":{"x":18.366870880126954,"y":0.5626296997070313,"z":-27.93374252319336},"rotation":{"x":0.2557298243045807,"y":0.13719461858272553,"z":-0.03668554872274399,"w":0.9562664031982422},"size":15.422211647033692,"orthographic":false}