{"cameraMode":{"drawMode":0,"name":"Shaded","section":"Shading Mode"},"sceneLighting":true,"audioPlay":false,"sceneViewState":{"m_AlwaysRefresh":false,"showFog":true,"showSkybox":true,"showFlares":true,"showImageEffects":true,"showParticleSystems":true,"showVisualEffectGraphs":true,"m_FxEnabled":false},"in2DMode":false,"pivot":{"x":7.817286491394043,"y":4.076684951782227,"z":10.553049087524414},"rotation":{"x":-0.34837105870246889,"y":0.0043129222467541698,"z":-0.001429908792488277,"w":-0.9374175667762756},"size":1.2080672979354859,"orthographic":false}