{"cameraMode":{"drawMode":0,"name":"Shaded","section":"Shading Mode"},"sceneLighting":true,"audioPlay":false,"sceneViewState":{"m_AlwaysRefresh":false,"showFog":true,"showSkybox":true,"showFlares":true,"showImageEffects":true,"showParticleSystems":true,"showVisualEffectGraphs":true,"m_FxEnabled":false},"in2DMode":false,"pivot":{"x":32.045352935791019,"y":-5.782408714294434,"z":14.73977279663086},"rotation":{"x":-0.46050193905830386,"y":0.03013457916676998,"z":-0.015643082559108735,"w":-0.8871147036552429},"size":39.03730010986328,"orthographic":false}